Model,Dataset,Mode,Percentage,Hit Ratio@10,Precision@10,Recall@10,NDCG@10,Hit Ratio@20,Precision@20,Recall@20,NDCG@20,Hit Ratio@40,Precision@40,Recall@40,NDCG@40
HGNN,lastfm,missing,10,0.14608,0.18013,0.14858,0.22244,0.22193,0.13682,0.22349,0.23873,0.31686,0.09768,0.31807,0.28628
HGNN,lastfm,missing,20,0.12894,0.15906,0.13057,0.19531,0.20254,0.12493,0.20314,0.21343,0.29748,0.09175,0.2966,0.261
HGNN,lastfm,missing,30,0.11243,0.1387,0.11311,0.16783,0.18203,0.11228,0.18277,0.18767,0.27546,0.08495,0.27562,0.23483
